,User_Id,Name,normalized_final_weighted_score
0,1951067186,Chandani Kirinde 🇱🇰,0.7666666666666667
1,9909452,Vipulananda 🇱🇰,0.7
2,957681564284006401,Asiri Fernando,0.4888888888888889
3,1100241609721958400,Lankanenews,0.3555555555555555
5,4611985095,MarcMartín,0.31111111111111106
6,122884856,Lankanorg News,0.4888888888888889
7,40320649,neetwit,0.6666666666666666
8,301807277,Francanstyle,0.45555555555555555
9,114960150,Vikalpa,0.9666666666666667
